<?xml version="1.0" encoding="UTF-8"?>
<!DOCTYPE hibernate-configuration PUBLIC
		"-//Hibernate/Hibernate Configuration DTD 3.0//EN"
		"http://hibernate.sourceforge.net/hibernate-configuration-3.0.dtd">
<hibernate-configuration>
    <session-factory name="sessionFactory">
        <property name="hibernate.connection.driver_class">oracle.jdbc.driver.OracleDriver</property>
        <property name="hibernate.connection.password">aja18b</property>
        <property name="hibernate.connection.url">jdbc:oracle:thin:@ingnrgpilphp01:1521:ORCLILP</property>
        <property name="hibernate.connection.username">aja18b</property>
        <property name="hibernate.dialect">org.hibernate.dialect.Oracle10gDialect</property>
    	
    	<property name="show_sql">true</property>
        <property name="hbm2ddl.auto">update</property>
        <property name="format_sql">true</property>
        <property name="use_sql_comments">true</property>
        
        <mapping resource="Video.hbm.xml"/>
    
    
    </session-factory>
</hibernate-configuration>
