<?xml version="1.0"?>
<!DOCTYPE hibernate-mapping PUBLIC "-//Hibernate/Hibernate Mapping DTD 3.0//EN"
"http://hibernate.sourceforge.net/hibernate-mapping-3.0.dtd">
<!-- Generated Sep 16, 2016 12:20:57 PM by Hibernate Tools 3.4.0.CR1 -->
<hibernate-mapping>
    <class name="com.aperio.beans.Video" table="VIDEO">
        <id name="id" type="long">
            <column name="ID" />
            <generator class="increment" />
        </id>
        <property name="name" type="java.lang.String">
            <column name="NAME" />
        </property>
        <property name="category" type="java.lang.String">
            <column name="CATEGORY" />
        </property>
        <property name="duration" type="int">
            <column name="DURATION" />
        </property>
        <property name="startTime" type="java.lang.String">
            <column name="STARTTIME" />
        </property>
        <property name="cost" type="double">
            <column name="COST" />
        </property>
        <property name="frequency" type="java.lang.String">
            <column name="FREQUENCY" />
        </property>
        <property name="url" type="java.lang.String">
            <column name="URL" />
        </property>
    </class>
</hibernate-mapping>
