<?xml version="1.0" encoding="UTF-8"?>
<beans xmlns="http://www.springframework.org/schema/beans"
	xmlns:xsi="http://www.w3.org/2001/XMLSchema-instance" xmlns:context="http://www.springframework.org/schema/context"
	xsi:schemaLocation="
        http://www.springframework.org/schema/mvc http://www.springframework.org/schema/mvc/spring-mvc-3.0.xsd
        http://www.springframework.org/schema/beans http://www.springframework.org/schema/beans/spring-beans-3.0.xsd
        http://www.springframework.org/schema/context http://www.springframework.org/schema/context/spring-context-3.0.xsd">



	<context:component-scan base-package="com.aperio.controllers" />

	<bean id="dataSource" class="org.apache.commons.dbcp.BasicDataSource">
		<property name="driverClassName" value="oracle.jdbc.driver.OracleDriver"></property>
		<property name="url"
			value="jdbc:oracle:thin:@ingnrgpilphp01:1521:ORCLILP"></property>
		<property name="username" value="aja18b"></property>
		<property name="password" value="aja18b"></property>
	</bean>


	<bean id="jdbctmpl" class="org.springframework.jdbc.core.JdbcTemplate">
		<property name="dataSource" ref="dataSource"></property>
	</bean>

	<bean id="dataAccessObject" class="com.aperio.dao.DataAccessObjectLayer">
		<property name="jdbctmpl" ref="jdbctmpl"></property>
	</bean>

	<bean id="serviceLayerObject" class="com.aperio.services.ServiceLayer"
		autowire="byType">
		<property name="dataAccessObject" ref="dataAccessObject"></property>
	</bean>

	<bean id="viewResolver"
		class="org.springframework.web.servlet.view.UrlBasedViewResolver">
		<property name="viewClass"
			value="org.springframework.web.servlet.view.JstlView" />
		<property name="prefix" value="" />
		<property name="suffix" value=".jsp" />
	</bean>


</beans>